radio,mcc,net,area,cell,unit,lon,lat,range,samples,changeable,created,updated,averageSignal
UMTS,302,220,45000,230276073,,-79.4873194349,44.0344196697,1356,1467,1,1384368798,1417384709,
UMTS,302,220,45000,230293257,,-79.4873899381,44.034995839,1316,1636,1,1384371623,1417321617,
UMTS,302,220,45000,230282384,,-79.4862685069,44.0345739958,1302,1308,1,1384379025,1417027987,
UMTS,302,220,45000,230269989,,-79.489627191,44.0343002964,1666,531,1,1384379913,1417387699,
UMTS,302,220,45000,230293296,,-79.4874119057,44.0329635036,2963,473,1,1384380035,1417385606,
UMTS,302,220,45000,230276011,,-79.4884966673,44.032811235,2523,254,1,1384381084,1417387101,
UMTS,302,220,45000,230293149,,-79.4879134817,44.0354417371,2881,1721,1,1384381085,1417321617,
UMTS,302,220,45000,230293188,,-79.488611126,44.0329793391,3312,381,1,1384381454,1417387101,
UMTS,302,220,45000,230279989,,-79.4865302948,44.0348918601,1533,2070,1,1384381454,1417387101,
UMTS,302,220,45000,230281287,,-79.4879185712,44.0333950702,4338,392,1,1384381684,1417382915,
UMTS,302,220,45000,230283876,,-79.4844637055,44.0333505541,2642,403,1,1384384167,1417321617,
UMTS,302,220,45000,230271287,,-79.4869464378,44.0317421022,3065,90,1,1384385027,1417387101,
UMTS,302,220,45000,230293148,,-79.4652340819,44.0376514111,2802,491,1,1384391717,1416872966,
UMTS,302,220,45000,230293203,,-79.4747112909,44.0206556364,2787,33,1,1384391719,1416611927,
UMTS,302,220,45000,230283027,,-79.472788916,44.020812955,2023,200,1,1384391721,1416611628,
UMTS,302,220,45000,230271143,,-79.4643398,44.0195015,413,18,1,1384391723,1408453599,
UMTS,302,220,45000,230280889,,-79.471796304,44.01679992,2496,25,1,1384391724,1415481762,
UMTS,302,220,45000,230281930,,-79.4630089,44.018203,414,49,1,1384391727,1408453599,
UMTS,302,220,45000,230293496,,-79.4660886,44.017538,1439,40,1,1384391729,1408453599,
UMTS,302,220,45000,230293184,,-79.4814669667,44.0267940667,2118,3,1,1384391730,1413845267,
UMTS,302,220,45000,230276091,,-79.4625366,44.0155259,444,60,1,1384391730,1408453599,
UMTS,302,220,45000,230269988,,-79.4663500667,44.025099,1373,3,1,1384391733,1412898723,
UMTS,302,220,45000,230272112,,-79.4614711667,44.0236345667,5202,3,1,1388797904,1416269257,
UMTS,302,220,45000,230276062,,-79.4441045,44.0050878,84,5,1,1388798357,1408453608,
UMTS,302,220,45000,230276065,,-79.4564874,44.0013719,959,147,1,1388798357,1408453608,
UMTS,302,220,45000,230288187,,-79.4616698423,44.0015754269,799,52,1,1388798752,1414079428,
UMTS,302,220,45000,230288189,,-79.4667122,43.9999386,48,8,1,1388798775,1408453608,
UMTS,302,220,45000,230283028,,-79.4686290629,44.0042384343,507,70,1,1388798828,1409699074,
UMTS,302,610,45000,230269989,,-79.4908214,44.0335974,49,101,1,1390058077,1408453608,
UMTS,302,610,45000,230282384,,-79.4842221628,44.034280907,1209,129,1,1391966798,1417321617,
UMTS,302,610,45000,230293257,,-79.4907174101,44.0337884446,1365,552,1,1391968857,1417382317,
UMTS,302,610,45000,230279989,,-79.49081235,44.0336210378,39,74,1,1391968857,1417382317,
UMTS,302,610,45000,230293149,,-79.4891529607,44.0353214685,849,219,1,1391968857,1417385606,
UMTS,302,610,45000,230283876,,-79.4893004,44.0332057,825,79,1,1391968857,1408453618,
UMTS,302,610,45000,230281287,,-79.4908057873,44.0336610148,64,142,1,1391972763,1417321617,
UMTS,302,610,45000,230276011,,-79.4897322298,44.0332660231,747,104,1,1391980872,1417321617,
UMTS,302,610,45000,230276073,,-79.4883716703,44.0319181868,499,91,1,1392329227,1417322514,
UMTS,302,610,45000,230293256,,-79.4733304,44.0344385,144,29,1,1392330835,1408453618,
UMTS,302,610,45000,230293296,,-79.4907826154,44.0336175692,17,13,1,1392330835,1417321617,
UMTS,302,610,45000,230293148,,-79.4746549,44.0349552,212,47,1,1392330835,1408453618,
UMTS,302,610,45000,230279988,,-79.4726865,44.0350975,29,6,1,1392330835,1408453618,
UMTS,302,610,45000,230279990,,-79.4776458,44.0402179,230,38,1,1392330835,1408453618,
UMTS,302,610,45000,230293188,,-79.490627,44.03369375,24,4,1,1392330836,1417321617,
GSM,302,720,4800,38659,,-79.5491978,44.0013778,2168,106,1,1394990895,1408453644,
GSM,302,720,4800,64311,,-79.5521796,44.0009259,1683,64,1,1394990895,1408453644,
GSM,302,720,4800,25573,,-79.5727393,44.0020087,330,9,1,1394990895,1408453644,
GSM,302,720,4800,25571,,-79.5452103,44.0029037,3358,327,1,1394990895,1408453644,
GSM,302,720,4800,64312,,-79.5597246,44.0002336,2054,202,1,1394990895,1408453644,
GSM,302,720,4800,25577,,-79.5559906,44.000645,1984,175,1,1394990895,1408453644,
GSM,302,720,5300,33802,,-79.5728073,44.0022685,276,25,1,1394990896,1408453644,
GSM,302,720,4800,38479,,-79.5385811,44.0042584,2878,123,1,1394990896,1408453644,
GSM,302,720,4800,38462,,-79.5653545,44.0004756,1229,18,1,1394990896,1408453644,
GSM,302,720,4800,25572,,-79.5543722,43.9997825,1690,61,1,1394990897,1408453644,
GSM,302,720,4800,38478,,-79.5481596,44.0011751,1681,21,1,1394990897,1408453644,
GSM,302,720,4800,23342,,-79.5358069,44.0040494,2134,129,1,1394990898,1408453644,
GSM,302,720,4800,26729,,-79.5264134,44.0061644,307,27,1,1394990902,1408453644,
GSM,302,720,4800,26723,,-79.5214574,44.0073403,1451,118,1,1394990902,1408453644,
GSM,302,720,5300,25681,,-79.5345341,44.0042699,258,19,1,1394990902,1408453644,
GSM,302,720,4800,25503,,-79.5130264,44.0093066,556,53,1,1394990902,1408453644,
GSM,302,720,4800,38477,,-79.5131543,44.0092779,568,54,1,1394990902,1408453644,
GSM,302,720,4800,23462,,-79.5128239,44.009357,779,46,1,1394990902,1408453644,
GSM,302,720,4800,29143,,-79.5083668,44.010362,151,15,1,1394990904,1408453644,
UMTS,302,490,16010,854509,210,-79.498771,44.012466,0,1,1,1394990904,1408453644,
UMTS,302,490,16010,854591,210,-79.4841782364,44.0205846945,2190,110,1,1394990904,1414943257,
UMTS,302,490,16010,854571,210,-79.481099,44.015969,43,5,1,1394990952,1408453644,
UMTS,302,490,16010,854569,122,-79.4744175389,44.0190709905,1136,95,1,1394990952,1414862475,
UMTS,302,490,16010,854751,186,-79.4732269057,44.0226829343,2801,70,1,1394991026,1414862224,
UMTS,302,220,45000,230276072,153,-79.4696893105,44.0370574735,1411,162,1,1397214625,1416008816,
UMTS,302,220,45000,230276071,152,-79.4636548901,44.0447033121,1303,91,1,1397214628,1417151180,
UMTS,302,610,45008,231078403,507,-79.4176092,44.1107719,172,15,1,1398573722,1408453670,
UMTS,302,610,45008,231077871,507,-79.4159141,44.1042933,1020,71,1,1398573722,1408453670,
UMTS,302,610,45008,231077845,507,-79.4140384,44.0970658,447,16,1,1398573729,1408453670,
UMTS,302,610,45000,231078113,62,-79.418095,44.0678972,2771,95,1,1398573733,1408453670,
UMTS,302,610,45000,230276115,62,-79.4124897,44.0905895,151,17,1,1398573733,1408453670,
UMTS,302,610,45008,231078113,508,-79.4221084,44.0834713,1581,134,1,1398573734,1408453670,
LTE,302,610,55008,139200515,,-79.41360317,44.0403543775,1241,80,1,1398573736,1414944828,
LTE,302,610,55008,138427394,,-79.4169160913,44.0516074783,1121,46,1,1398573736,1414944828,
LTE,302,610,55008,139200514,,-79.4099312905,44.0281774143,550,42,1,1398573736,1414945051,
LTE,302,610,55008,138483457,,-79.4086483422,44.0218773855,5414,83,1,1398573736,1414944828,
LTE,302,610,55008,138483458,,-79.4058871393,44.0102041071,763,28,1,1398573736,1414945051,
UMTS,302,220,45000,230293147,152,-79.4606890104,44.0412359573,2701,482,1,1400192883,1415663245,
UMTS,302,220,45000,230282385,158,-79.4802903721,44.0438154714,1073,280,1,1400608470,1414856984,
UMTS,302,220,45000,230288153,484,-79.4933378129,44.0580032774,1519,31,1,1400962562,1416782339,
UMTS,302,220,45000,230293311,355,-79.4645010361,44.0103494759,3394,83,1,1401070023,1416948449,
UMTS,302,220,45000,230293153,354,-79.4612270317,43.9894639933,5466,60,1,1401188958,1415485542,
UMTS,302,220,45000,230282382,152,-79.4588925721,44.0454694402,1526,122,1,1401231045,1415901470,
UMTS,302,220,45000,230282545,354,-79.4709636528,44.0018275,3893,72,1,1401306571,1415485542,
UMTS,302,220,45000,230293199,485,-79.5013845924,44.0432474395,1659,157,1,1401306589,1417321618,
UMTS,302,220,45000,230278448,237,-79.4787658,44.0550336813,120,16,1,1401329017,1414460145,
UMTS,302,220,45000,230283023,155,-79.4538589853,44.0605715547,856,75,1,1401359191,1415319889,
UMTS,302,220,45000,1592568,66,-79.314344,44.0056845,557,28,1,1401650507,1408453719,
GSM,302,720,17000,29183,,-79.318115,44.0215685,20,2,1,1401652460,1408453719,
UMTS,302,610,45000,1592568,35,-79.3189631,44.0252774,373,20,1,1401652460,1408453719,
UMTS,302,220,45000,230278437,238,-79.4820757547,44.052432966,550,53,1,1401835242,1416958043,
UMTS,302,220,45000,230293281,156,-79.4568392667,44.054409,297,3,1,1402097771,1414266683,
UMTS,302,220,45000,230269987,152,-79.4607611372,44.0476036409,1494,137,1,1402438949,1417151180,
LTE,302,720,30085,8355074,0,-79.502005,44.04658,0,1,1,1402507680,1408453719,
UMTS,302,220,45000,230278251,56,-79.4899372,44.004367,0,2,1,1404660723,1408453746,
UMTS,302,490,16010,857349,218,-79.434446513,44.0740429565,381,23,1,1405176461,1414759075,
UMTS,302,220,45000,230279990,158,-79.4804403135,44.0443984537,1508,421,1,1409251193,1416958043,
UMTS,302,220,45000,230279987,152,-79.4619830809,44.0470589682,1527,346,1,1409251198,1415717577,
UMTS,302,220,45000,230276760,85,-79.4533203,44.0549599,233,10,1,1409251202,1409251393,
UMTS,302,220,45000,230282846,85,-79.4483874,44.0582042857,3576,35,1,1409251203,1415414049,
UMTS,302,220,45000,230283024,85,-79.4591114643,44.0560851071,558,28,1,1409251203,1415320105,
UMTS,302,220,45000,230288293,163,-79.45365525,44.06530287,874,100,1,1409251203,1415319889,
UMTS,302,220,45000,231065007,163,-79.4508646,44.0705116,75,5,1,1409251204,1409251338,
UMTS,302,220,45008,230288293,481,-79.4508442,44.0704988,120,5,1,1409251204,1409251338,
UMTS,302,220,45008,231065007,481,-79.4394385455,44.0697216364,970,11,1,1409251204,1415414078,
UMTS,302,220,45000,231065004,163,-79.4398501429,44.0589965714,3184,7,1,1409251205,1414723482,
UMTS,302,220,45000,230272058,163,-79.450516,44.071129,0,1,1,1409251205,1409251338,
UMTS,302,220,45008,230282058,481,-79.450516,44.071129,0,1,1,1409251205,1409251338,
UMTS,302,220,45000,230282058,163,-79.4504727284,44.0658212099,597,81,1,1409251205,1409251393,
UMTS,302,220,45008,231065004,481,-79.4466849,44.0562386,3301,10,1,1409251205,1414723482,
UMTS,302,220,45000,230280885,155,-79.4566476797,44.0599464062,905,128,1,1409251205,1415320105,
UMTS,302,220,45000,230270885,155,-79.45909725,44.05463225,3456,108,1,1409251205,1415319888,
UMTS,302,220,45000,230276075,155,-79.4589173333,44.059717,594,9,1,1409251205,1414458650,
UMTS,302,220,45000,230269990,158,-79.4820893059,44.046133895,2860,219,1,1409251206,1414856842,
UMTS,302,220,45000,230276074,158,-79.4817200909,44.0487879394,2597,66,1,1409251209,1416431621,
UMTS,302,220,45000,230293258,158,-79.4799836439,44.0457250356,2949,337,1,1409270806,1416624342,
UMTS,302,220,45000,230278449,238,-79.4813127945,44.0534409726,860,146,1,1409270806,1416624485,
UMTS,302,220,45000,230293306,484,-79.4947754615,44.0557493654,1111,52,1,1409270806,1416624485,
UMTS,302,220,45000,230293307,485,-79.5123903118,44.0447980806,2377,186,1,1409270807,1416782339,
UMTS,302,220,45008,231062691,308,-79.5651698868,44.0347733208,2954,53,1,1409270809,1409270913,
UMTS,302,220,45008,230293307,216,-79.533952,44.04323,23,3,1,1409270809,1409271073,
UMTS,302,220,45008,231056532,306,-79.5729810851,44.0200288936,3909,94,1,1409270809,1409270913,
UMTS,302,220,45000,230271350,274,-79.55645182,44.03775405,2557,100,1,1409276134,1409276404,
UMTS,302,220,45000,230283351,272,-79.5702446667,44.0567541111,4750,9,1,1409276135,1417321318,
UMTS,302,220,45000,230271349,273,-79.525549069,44.0436962414,530,29,1,1409276135,1409276404,
UMTS,302,220,45000,230276010,485,-79.5068560625,44.0448015,1776,64,1,1409276136,1410355111,
UMTS,302,220,45000,230288154,485,-79.5019814752,44.040916901,1302,101,1,1409276136,1413755077,
UMTS,302,220,45000,230276098,451,-79.4157193333,44.0033932667,6880,15,1,1409325187,1413872478,
UMTS,302,220,45000,230280890,377,-79.469834,44.007401,0,2,1,1409699010,1409699074,
UMTS,302,220,45000,230282383,153,-79.4633154307,44.0376488218,1912,202,1,1409869465,1416872928,
UMTS,302,220,45000,230279988,153,-79.4634355014,44.0385666847,1223,704,1,1409869466,1416872928,
UMTS,302,220,45000,230293256,153,-79.4676864633,44.0372757742,1980,341,1,1409869466,1416872966,
UMTS,302,220,45000,230293497,381,-79.4511466757,44.0418019459,1382,37,1,1409869466,1414863421,
UMTS,302,220,45000,230283313,162,-79.4883806154,44.0664792308,3653,13,1,1410034577,1416782364,
UMTS,302,490,16010,854510,279,-79.408243977,43.9905274253,19370,87,1,1410220709,1414861028,
UMTS,302,490,16010,854620,416,-79.4168899167,43.9955154167,3419,12,1,1410220709,1414861327,
UMTS,302,490,16010,854750,178,-79.4229124483,44.0058825862,1995,29,1,1410220709,1414860949,
UMTS,302,490,16010,855000,154,-79.4000426497,43.9961203949,2256,157,1,1410220709,1414860645,
UMTS,302,220,45000,230276763,153,-79.4172555714,44.0378714898,7157,49,1,1410302578,1416958316,
UMTS,302,220,45000,230293255,152,-79.4598569909,44.0413378079,1841,328,1,1410302578,1415414049,
LTE,302,220,65534,139052802,0,-79.47549475,44.0232815,5371,4,1,1410664945,1410665187,
LTE,302,220,65534,138369794,0,-79.4677416667,44.0419563333,996,3,1,1410664972,1410665187,
UMTS,302,220,45000,230278441,238,-79.4815663167,44.0498483667,1949,120,1,1411095804,1414858205,
UMTS,302,220,45000,230268116,33,-79.3177817742,43.9944281613,1609,62,1,1411160232,1411160257,
UMTS,302,220,45000,230272205,50,-79.4431633704,44.0438196667,346,27,1,1411160239,1411160257,
UMTS,302,220,45000,230293223,50,-79.4372484286,44.0449554286,977,14,1,1411160239,1411160257,
UMTS,302,220,45000,230282205,50,-79.43876,44.0448862,45,5,1,1411160241,1411160354,
UMTS,302,220,45000,230293170,52,-79.422152,44.04710775,491,4,1,1411160241,1411160354,
UMTS,302,220,45000,230293222,49,-79.4217522059,44.0483095882,550,34,1,1411160241,1411160257,
UMTS,302,220,45000,230293182,40,-79.4082064583,44.0195422083,853,24,1,1411160241,1411160257,
UMTS,302,220,45000,230276762,85,-79.4096247059,44.0265646471,273,17,1,1411160241,1411160257,
UMTS,302,220,45000,230283198,41,-79.4054524545,44.0081562273,642,22,1,1411160241,1411160257,
UMTS,302,220,45000,230293291,41,-79.4006148571,44.0010634286,213,7,1,1411160241,1411160354,
UMTS,302,220,45000,230276100,453,-79.3948313636,43.9882899091,1339,22,1,1411160241,1411160257,
UMTS,302,220,45000,230293500,381,-79.4559174091,44.0433882273,4851,22,1,1411505219,1417321617,
UMTS,302,220,45000,230283187,381,-79.464486,44.038403,0,1,1,1411505219,1411505415,
UMTS,302,220,45000,230280886,155,-79.4568829167,44.058382,584,12,1,1411694526,1415319889,
UMTS,302,220,45000,230280584,155,-79.4637439545,44.0585647727,2511,22,1,1411694526,1414723482,
UMTS,302,220,45000,230278436,155,-79.4570844286,44.059887,1837,7,1,1411694526,1414856842,
UMTS,302,220,45000,230288295,165,-79.45984925,44.0611961667,101,12,1,1411694526,1415319889,
UMTS,302,220,45000,230293175,155,-79.4519205455,44.0628348182,932,11,1,1411730574,1415306134,
UMTS,302,220,45000,230281144,381,-79.45157925,44.03811775,11,4,1,1412117575,1412117795,
UMTS,302,880,45000,230269989,,-79.4881746,44.0339028,212,5,1,1412125563,1412125569,
UMTS,302,880,45000,230293149,,-79.490781,44.033573,0,1,1,1412125563,1412125569,
UMTS,302,880,45000,230282384,,-79.48887,44.033852,151,2,1,1412125564,1412348334,
UMTS,302,880,45000,230276073,,-79.484021025,44.03475045,685,40,1,1412125564,1412348334,
UMTS,302,880,45000,230293256,,-79.475779,44.03645,0,1,1,1412125565,1412125569,
UMTS,302,880,45000,230293257,,-79.4877486,44.0342276,988,5,1,1412125565,1414171298,
UMTS,302,220,45000,230281871,154,-79.5040769143,44.0449537469,1163,245,1,1412469607,1417369505,
UMTS,302,220,45000,230281870,484,-79.4830462917,44.0541855,2995,72,1,1412469608,1416958316,
UMTS,302,220,45000,230293193,162,-79.4866707143,44.0710645195,875,77,1,1412527166,1417321617,
UMTS,302,220,45000,230276092,381,-79.4650141111,44.0388606111,140,18,1,1412721613,1412721780,
UMTS,302,220,45000,230268114,34,-79.4908414,44.0336356,25,5,1,1412898456,1416624485,
UMTS,302,220,45000,230276766,85,-79.4244458571,44.042711619,5584,21,1,1413037650,1415481762,
UMTS,302,220,45000,230293261,354,-79.4622563636,43.9973126364,4643,22,1,1413169293,1416538968,
UMTS,302,220,45000,230278445,238,-79.4829853108,44.0525841081,483,74,1,1413470022,1416624342,
UMTS,302,220,45000,230293150,158,-79.4805602132,44.0459042132,1390,258,1,1413516470,1416624342,
UMTS,302,220,45000,230271871,485,-79.5017015556,44.0402594815,1185,27,1,1413754815,1417379028,
UMTS,302,220,45000,230281869,485,-79.5073941309,44.0626745288,1568,191,1,1413754816,1417369505,
UMTS,302,220,45008,230281292,481,-79.485847,44.076924,743,16,1,1413754819,1417369759,
UMTS,302,220,45000,230276754,85,-79.477063,44.0637533,1979,10,1,1413754819,1414266683,
UMTS,302,220,45008,231078114,509,-79.4912729167,44.071078,181,12,1,1413754819,1413755077,
UMTS,302,220,45008,230276081,509,-79.4895684,44.0706906,60,5,1,1413754819,1413754965,
UMTS,302,220,45000,230276081,162,-79.4912883256,44.0710224651,383,43,1,1413754819,1413755077,
UMTS,302,220,45000,230281292,162,-79.48631595,44.0735659,507,20,1,1413754819,1417369505,
UMTS,302,220,45000,230271292,162,-79.4896838462,44.0709181538,95,13,1,1413754819,1413755077,
UMTS,302,220,45008,230280584,509,-79.4935623333,44.0708936667,84,3,1,1413754819,1413754965,
UMTS,302,220,45000,231078114,158,-79.4910695,44.0709215,6,2,1,1413754819,1413754965,
GSM,302,720,4800,31693,,-79.490135,44.070889,0,1,1,1413754819,1413754965,
GSM,302,720,4800,38488,,-79.4903661667,44.071057,38,6,1,1413754819,1413754965,
UMTS,302,220,45000,230271869,483,-79.4904208,44.0712196,22,5,1,1413754819,1413754965,
GSM,302,720,4800,38482,,-79.490135,44.070889,0,1,1,1413754820,1413754965,
UMTS,302,720,60075,1604560,352,-79.4904135,44.0709575,11,2,1,1413754820,1413754965,
UMTS,302,220,45008,231065005,482,-79.490213,44.071122,0,1,1,1413754820,1413754965,
GSM,302,720,4800,31699,,-79.490135,44.070889,0,1,1,1413754820,1413754965,
UMTS,302,220,45000,230270584,483,-79.4903476667,44.0711876667,7,3,1,1413754820,1413754965,
UMTS,302,220,45000,38488,158,-79.4900675,44.0708845,5,2,1,1413754820,1413754965,
UMTS,302,220,45000,1611349,85,-79.490212,44.070836,0,2,1,1413754820,1413754965,
UMTS,302,220,45000,231065005,162,-79.490213,44.071122,0,1,1,1413754820,1413754965,
UMTS,302,720,60075,1611349,104,-79.4903463333,44.070917,18,3,1,1413754820,1413754965,
UMTS,302,220,45000,230293301,162,-79.4858197447,44.0713307447,540,47,1,1413754820,1417321617,
UMTS,302,220,45000,230276751,162,-79.4876507857,44.0641582857,4797,14,1,1413754820,1415481954,
UMTS,302,220,45000,230277872,483,-79.4899528,44.0710442,45,5,1,1413754820,1413754965,
UMTS,302,220,45000,230272808,483,-79.490213,44.071122,0,1,1,1413754820,1413754965,
UMTS,302,220,45008,230276074,482,-79.490213,44.071122,0,1,1,1413754820,1413754965,
UMTS,302,220,45000,230276008,483,-79.5079442895,44.0607814605,1837,76,1,1413754820,1413755077,
UMTS,302,720,60075,1590599,104,-79.490418,44.0709516667,12,3,1,1413754820,1413754965,
GSM,302,720,4800,38493,,-79.490135,44.070889,0,1,1,1413754820,1413754965,
UMTS,302,220,45000,231075060,53,-79.461246,44.07080925,2253,4,1,1413754820,1415414078,
UMTS,302,220,45008,230276086,509,-79.489439,44.071026,0,1,1,1413754820,1413754965,
UMTS,302,220,45008,230283313,509,-79.4892075,44.070699,41,2,1,1413754820,1413754965,
UMTS,302,220,45008,231075060,509,-79.4598978684,44.0511792237,3893,228,1,1413754820,1417321617,
UMTS,302,220,45000,230276086,53,-79.4879195,44.075087,468,2,1,1413754820,1417321617,
UMTS,302,220,45000,230279402,62,-79.488976,44.070372,0,1,1,1413754820,1413754965,
UMTS,302,220,45008,230276008,283,-79.50437425,44.068694,53,4,1,1413754822,1413754965,
UMTS,302,220,45008,231078048,283,-79.499997,44.0696235217,289,23,1,1413754822,1413755077,
UMTS,302,220,45000,230283312,161,-79.4832212439,44.062754439,2857,41,1,1413916086,1416782364,
UMTS,302,220,45000,230278439,236,-79.4815282308,44.0592900769,205,26,1,1413918283,1413918380,
UMTS,302,220,45000,230278438,235,-79.4811208421,44.0564689474,434,19,1,1413918283,1413933282,
UMTS,302,720,60085,2246031,240,-79.4857792333,44.0341844667,574,30,1,1413929500,1413939263,
UMTS,302,720,60085,2251688,240,-79.4897211429,44.0367017857,2106,14,1,1413929500,1413939263,
UMTS,302,720,60075,1598499,80,-79.4548323889,44.0398716111,242,18,1,1413930110,1413932385,
UMTS,302,720,60075,1592612,176,-79.4724629259,44.0369887037,502,27,1,1413930110,1413930276,
UMTS,302,720,60075,1598500,88,-79.4618538182,44.0393732273,417,22,1,1413930110,1413930276,
UMTS,302,720,60085,1592612,176,-79.478636,44.0356115,19,2,1,1413930111,1413930292,
UMTS,302,720,60075,2246031,328,-79.4836735,44.03452025,52,4,1,1413930111,1413930292,
UMTS,302,720,60075,1615627,328,-79.48449,44.034352,18,2,1,1413930111,1413930292,
UMTS,302,720,60075,1598502,80,-79.456625625,44.0402859375,312,16,1,1413932181,1413932411,
UMTS,302,720,60075,1611368,168,-79.4683904444,44.0380965556,152,9,1,1413932184,1413932385,
UMTS,302,720,60075,1611369,176,-79.4743293636,44.0373435455,391,22,1,1413932184,1413932411,
UMTS,302,720,60075,1598503,88,-79.4633772667,44.0391770667,273,15,1,1413932184,1413932411,
UMTS,302,720,60075,1611370,176,-79.4811412875,44.0439834875,1506,80,1,1413932185,1413933326,
UMTS,302,720,60075,1612610,344,-79.4833586471,44.0545437647,274,17,1,1413932187,1413932411,
UMTS,302,720,60085,2244678,288,-79.4859726667,44.0554276667,20,3,1,1413932187,1413932385,
UMTS,302,720,60075,1604558,344,-79.484029625,44.054274125,143,8,1,1413932187,1413932385,
UMTS,302,720,60085,2244679,296,-79.486092,44.055457,0,1,1,1413932189,1413932385,
UMTS,302,720,60075,1596278,504,-79.4858937143,44.0557784286,58,7,1,1413932189,1413933282,
UMTS,302,720,60075,1592613,184,-79.4836867436,44.0462661538,1052,39,1,1413932189,1413933326,
UMTS,302,220,45000,230293227,166,-79.4857948333,44.0557226667,40,6,1,1413932986,1413933282,
UMTS,302,220,45000,230293198,484,-79.4923002321,44.0573054107,1067,56,1,1413932986,1416782339,
UMTS,302,220,45000,230278446,235,-79.4862549333,44.0565636,539,15,1,1413932987,1416958316,
UMTS,302,720,60075,1590630,184,-79.485971,44.055429,0,1,1,1413933045,1413933282,
UMTS,302,720,60075,1596279,504,-79.4856408,44.0557112,48,5,1,1413933045,1413933282,
UMTS,302,720,60085,1596279,296,-79.485971,44.055429,0,2,1,1413933045,1413933282,
UMTS,302,720,60075,1592107,40,-79.485404,44.0535465,73,4,1,1413933045,1413933282,
UMTS,302,720,60075,2293028,504,-79.485745,44.055649,0,1,1,1413933045,1413933282,
UMTS,302,720,60085,2293029,296,-79.485458,44.0553385,52,4,1,1413933045,1413933282,
UMTS,302,720,60075,1590570,40,-79.4854876,44.0546086,57,5,1,1413933045,1413933282,
UMTS,302,720,60085,1590630,296,-79.485971,44.055429,0,1,1,1413933045,1413933282,
UMTS,302,720,60085,2246028,240,-79.490665,44.033637,0,2,1,1413937376,1413939263,
UMTS,302,220,45000,230280186,354,-79.4664252989,44.0045982989,3770,87,1,1414009212,1416003434,
UMTS,302,220,45000,230293172,53,-79.4609169067,44.0603115067,588,75,1,1414078667,1415309124,
UMTS,302,220,45000,230293173,53,-79.4612139231,44.0573354615,420,13,1,1414078667,1414858038,
UMTS,302,220,45000,230293171,53,-79.4479243333,44.06022796,3932,75,1,1414078667,1416958316,
UMTS,302,220,45000,230283026,159,-79.460894,44.06166,0,2,1,1414078667,1414079500,
UMTS,302,220,45000,230272060,165,-79.47360791,44.05096046,2343,100,1,1414078668,1415319889,
UMTS,302,220,45000,230283186,153,-79.4641592,44.01712716,653,25,1,1414079257,1414079428,
UMTS,302,220,45000,230283199,42,-79.4564991429,43.9904558571,105,7,1,1414079258,1414079501,
UMTS,302,220,45000,230288188,356,-79.4577012353,43.9932428235,301,17,1,1414079258,1415481954,
UMTS,302,220,45000,230283311,160,-79.482236,44.071959,0,1,1,1414195361,1414195518,
UMTS,302,220,45000,230281290,160,-79.481627,44.071678,58,2,1,1414195361,1414195518,
UMTS,302,220,45000,230293197,485,-79.5058375393,44.062035618,1348,89,1,1414195361,1416958316,
UMTS,302,220,45008,230281290,509,-79.4817186667,44.0717923333,71,3,1,1414195364,1414195518,
UMTS,302,220,45008,230293279,509,-79.4316813333,44.07388,3914,9,1,1414195364,1415481954,
UMTS,302,220,45000,230293279,162,-79.4343519535,44.0655264884,4090,43,1,1414195364,1415481762,
UMTS,302,220,45008,231070371,509,-79.4807855,44.0714205,19,2,1,1414195364,1414195518,
UMTS,302,220,45000,230267529,237,-79.47830225,44.0548035,103,8,1,1414251789,1414856842,
UMTS,302,220,45000,230267530,238,-79.4795513,44.05331275,256,20,1,1414251789,1414856842,
UMTS,302,220,45008,230269987,481,-79.45608,44.051557,0,1,1,1414266622,1414266683,
UMTS,302,220,45000,230276076,156,-79.4649939655,44.0549361379,664,29,1,1414266622,1414858204,
UMTS,302,220,45000,230270886,156,-79.4632515714,44.0495164286,102,7,1,1414266622,1414266683,
UMTS,302,220,45000,230283622,166,-79.4858603889,44.0571303333,192,18,1,1414458403,1416958043,
UMTS,302,220,45000,230271870,484,-79.4855015,44.0548605,16,2,1,1414458403,1414458650,
UMTS,302,220,45000,230267534,238,-79.4799872222,44.0548568889,198,9,1,1414458404,1414458650,
UMTS,302,220,45000,230278434,235,-79.4838019355,44.0574486774,459,31,1,1414458404,1416958043,
UMTS,302,220,45000,230276077,157,-79.4736575556,44.0563698889,902,18,1,1414458404,1414458560,
UMTS,302,220,45000,230267533,237,-79.4751795556,44.0559728889,161,9,1,1414458404,1414458650,
UMTS,302,220,45000,230293174,157,-79.4698283684,44.0572655526,276,38,1,1414458414,1414858204,
UMTS,302,220,45000,230278444,237,-79.476247587,44.0556266304,341,46,1,1414458415,1414858204,
LTE,302,610,55008,138571777,117,-79.4476586374,44.0693546886,3303,273,1,1414701337,1415014066,
LTE,302,610,55519,138757379,145,-79.4459941916,44.0768668144,3583,167,1,1414701337,1414944828,
LTE,302,610,55008,138496769,54,-79.4709989024,44.0711429756,2745,41,1,1414701337,1414945051,
LTE,302,610,55008,138496771,70,-79.4878219167,44.0704960833,228,12,1,1414701337,1414701427,
UMTS,302,610,45000,230276751,85,-79.485805,44.069771,0,1,1,1414701338,1414701355,
UMTS,302,610,45000,230276081,162,-79.486515,44.069943,60,2,1,1414701339,1414701355,
UMTS,302,610,45000,230271292,85,-79.4890943333,44.0710286667,323,6,1,1414701339,1417321617,
UMTS,302,610,45008,231060940,481,-79.446614,44.07028,0,2,1,1414701710,1414701953,
UMTS,302,610,45000,231065007,163,-79.446614,44.07028,0,1,1,1414701711,1414701953,
UMTS,302,610,45008,138571777,163,-79.446614,44.07028,0,1,1,1414701712,1414701953,
UMTS,302,610,45008,231065007,481,-79.446614,44.07028,0,1,1,1414701712,1414701953,
UMTS,302,220,45000,230281155,41,-79.4055383333,44.0101505,582,6,1,1414723259,1414723482,
UMTS,302,220,45000,230282112,451,-79.4065107143,44.0032266429,7534,14,1,1414723259,1415397931,
UMTS,302,220,45000,230281154,40,-79.4086886111,44.0242601667,1315,18,1,1414723259,1414723388,
UMTS,302,220,45000,230280583,40,-79.4149496061,44.0464141818,1736,33,1,1414723259,1414723388,
UMTS,302,220,45000,230280582,52,-79.41897125,44.0654185,389,8,1,1414723259,1414723482,
UMTS,302,220,45008,230280582,508,-79.418231,44.06863,37,3,1,1414723259,1414723482,
UMTS,302,220,45000,230282060,165,-79.4601078571,44.0614331429,110,7,1,1414723260,1415319889,
UMTS,302,220,45000,231070370,51,-79.4180845,44.068516,17,2,1,1414723260,1414723482,
UMTS,302,220,45008,231078113,508,-79.418734,44.068797,18,2,1,1414723260,1414723482,
UMTS,302,220,45000,230293221,53,-79.439307,44.0642375,20,2,1,1414723260,1414723482,
UMTS,302,220,45000,230276757,85,-79.413593,44.0416455,33,2,1,1414723261,1414723482,
UMTS,302,220,45000,230276084,51,-79.41986975,44.0685425,84,4,1,1414723262,1414723482,
UMTS,302,490,16010,854859,242,-79.4330970238,44.0698427619,769,42,1,1414758775,1414759075,
UMTS,302,490,16010,854861,258,-79.4298609211,44.0599206579,682,38,1,1414758775,1414763849,
UMTS,302,490,16010,854590,202,-79.4643508125,44.03861975,3664,16,1,1414758776,1414943257,
UMTS,302,720,60075,1593215,490,-79.4363755714,44.0760997143,66,7,1,1414758776,1414759065,
UMTS,302,490,16010,1593215,218,-79.435757,44.076329,0,1,1,1414758777,1414759065,
UMTS,302,490,16010,857340,274,-79.445753875,44.068841,3036,8,1,1414758778,1416077589,
UMTS,302,490,16010,854749,170,-79.46691,44.0354645625,3963,16,1,1414763671,1414943257,
UMTS,302,610,45000,230269987,484,-79.4457157778,44.0753486667,628,18,1,1414804111,1414804515,
UMTS,302,610,45000,231060940,160,-79.447024,44.076486,0,1,1,1414804112,1414804216,
UMTS,302,610,45000,230270885,152,-79.4411363333,44.0757836667,32,3,1,1414804112,1414804216,
UMTS,302,610,45000,231056984,53,-79.443966,44.0731053333,448,3,1,1414804113,1414804216,
UMTS,302,610,45000,230282058,163,-79.44730525,44.07618675,54,4,1,1414804113,1414804515,
UMTS,302,610,45000,230272058,163,-79.4511273333,44.0716914667,219,15,1,1414804114,1414804217,
UMTS,302,610,45008,231063981,509,-79.4428855556,44.0742616667,560,9,1,1414804114,1414804216,
UMTS,302,610,45008,230269987,509,-79.4423631667,44.077133,379,6,1,1414804114,1414804515,
UMTS,302,610,45000,230271870,484,-79.4451753333,44.0751165556,410,9,1,1414804114,1414804216,
UMTS,302,610,45000,231063981,160,-79.443783,44.078051,0,1,1,1414804115,1414804216,
UMTS,302,610,45000,230276071,152,-79.447024,44.076486,0,1,1,1414804115,1414804216,
UMTS,302,610,45000,230271290,160,-79.44857275,44.0750663125,473,16,1,1414804115,1414804217,
UMTS,302,610,45008,231056984,432,-79.447024,44.076486,0,1,1,1414804117,1414804216,
UMTS,302,610,45000,230270584,53,-79.439906,44.0701904,827,5,1,1414804117,1414874185,
UMTS,302,610,45000,230288293,163,-79.44785,44.0701054,77,5,1,1414804118,1414804216,
UMTS,302,610,45008,230271870,432,-79.447024,44.076486,0,1,1,1414804118,1414804216,
UMTS,302,610,45008,230270584,509,-79.442735,44.0701,0,1,1,1414804119,1414804216,
UMTS,302,220,45000,230278440,237,-79.4730342903,44.0531786129,768,31,1,1414856784,1415319889,
UMTS,302,490,16010,855001,162,-79.4345701385,44.0087257385,4044,65,1,1414860474,1414862523,
UMTS,302,490,16010,854999,146,-79.4069542143,44.0136115714,219,14,1,1414860475,1414860644,
UMTS,302,490,16010,854752,495,-79.4498914211,44.0030456316,1782,57,1,1414860941,1414861255,
UMTS,302,490,16010,854619,408,-79.4669511,44.0003916,190,10,1,1414861247,1414862224,
UMTS,302,490,16010,854570,130,-79.4669668108,44.0040006216,1022,37,1,1414861247,1414862475,
LTE,302,610,55008,138553602,65,-79.4781776667,44.0582236667,3580,9,1,1414874129,1415013824,
LTE,302,610,55008,138427395,37,-79.42881,44.0659704516,10251,62,1,1414874129,1414944828,
LTE,302,610,55008,138482179,61,-79.430541,44.068252,0,1,1,1414874130,1414874185,
UMTS,302,610,45008,231063980,508,-79.430093,44.067829,0,1,1,1414874130,1414874185,
LTE,302,610,55519,138757378,137,-79.414174,44.04269275,680,4,1,1414874130,1414874185,
LTE,302,610,55008,138427393,21,-79.4198335862,44.0653586552,878,29,1,1414874130,1414944828,
UMTS,302,610,45000,230282846,53,-79.430093,44.067829,0,1,1,1414874131,1414874185,
UMTS,302,610,45000,230293171,53,-79.430093,44.067829,0,1,1,1414874131,1414874185,
LTE,302,610,55008,138585858,122,-79.4160275,44.0489055,29,2,1,1414874131,1414874185,
UMTS,302,610,45000,230276086,53,-79.430093,44.067829,0,1,1,1414874132,1414874185,
UMTS,302,610,45000,231063980,53,-79.430093,44.067829,0,1,1,1414874132,1414874185,
UMTS,302,610,45000,230280584,53,-79.430093,44.067829,0,1,1,1414874133,1414874185,
UMTS,302,610,45000,230282203,48,-79.430093,44.067829,0,1,1,1414874134,1414874185,
UMTS,302,610,45000,230272203,48,-79.430093,44.067829,0,1,1,1414874134,1414874185,
LTE,302,610,55008,138483459,64,-79.4057085,44.008501,30,2,1,1414944798,1414945051,
LTE,302,610,55008,138457092,443,-79.4557395,44.060364,60,2,1,1415013811,1415013824,
LTE,302,610,55008,138457091,52,-79.469825,44.0572318,229,5,1,1415013811,1415013824,
LTE,302,610,55008,138904323,190,-79.47568675,44.05589175,317,8,1,1415013811,1415013824,
LTE,302,610,55008,138457089,36,-79.4617265,44.0590079,336,10,1,1415013811,1415014066,
LTE,302,610,55008,138553603,73,-79.5116214,44.0478478,670,10,1,1415013813,1415014066,
UMTS,302,610,45000,230283353,274,-79.5563920909,44.0378826364,1982,11,1,1415013813,1415014066,
UMTS,302,610,45000,230271349,273,-79.5249908182,44.0439157273,467,11,1,1415013813,1415014066,
LTE,302,610,55008,138904324,452,-79.4852185556,44.0538563333,406,9,1,1415013814,1415013824,
UMTS,302,220,45000,230293300,161,-79.487841,44.0636258333,344,6,1,1415225464,1415226895,
UMTS,302,220,45000,230293192,161,-79.4844666596,44.0634891915,499,47,1,1415225554,1416958043,
UMTS,302,220,45000,230278442,235,-79.484165,44.0583324545,474,22,1,1415225554,1416624342,
UMTS,302,220,45000,230276080,161,-79.48423725,44.06381775,46,4,1,1415226732,1415226895,
UMTS,302,220,45000,230281291,161,-79.497993759,44.0516829398,2296,83,1,1415226732,1415228601,
UMTS,302,220,45000,230293305,483,-79.5037849375,44.056195,1223,16,1,1415226732,1415226770,
UMTS,302,220,45000,230293205,356,-79.4589373333,43.9981076667,36,3,1,1415319865,1415319889,
UMTS,302,220,45000,230293204,356,-79.4584648333,43.9966576667,105,6,1,1415319865,1415319889,
UMTS,302,220,45000,230293292,355,-79.4338604719,44.008247573,2750,89,1,1415319867,1415481762,
UMTS,302,220,45000,230293499,380,-79.46431375,44.02071525,51,4,1,1415319868,1415319889,
UMTS,302,220,45008,231075059,508,-79.428648,44.077264,52,4,1,1415413957,1415414078,
UMTS,302,220,45008,230282846,509,-79.433214,44.0706345,17,2,1,1415413957,1415414078,
UMTS,302,220,45000,230293329,48,-79.4293030667,44.0550334,350,15,1,1415413958,1415414049,
UMTS,302,220,45000,230293330,49,-79.4267217619,44.0486898095,921,21,1,1415413958,1415481954,
UMTS,302,220,45000,230293331,50,-79.4406684348,44.0443547391,891,23,1,1415413958,1415414049,
UMTS,302,220,45008,231059700,481,-79.4251256667,44.0718776667,89,6,1,1415481731,1415481954,
UMTS,302,220,45000,230293277,53,-79.4194044615,44.0617508462,287,13,1,1415481731,1415481762,
UMTS,302,220,45000,230293278,51,-79.4167965185,44.0507816296,1326,27,1,1415481731,1415481762,
UMTS,302,220,45000,230276765,40,-79.41118625,44.03307375,90,4,1,1415481731,1415481954,
UMTS,302,220,45000,230293290,40,-79.4093151837,44.0218666122,1589,49,1,1415481731,1415481762,
UMTS,302,220,45000,230293312,42,-79.44455325,44.004902375,130,8,1,1415481732,1415481954,
UMTS,302,220,45000,230293313,357,-79.4641989767,43.9985902791,625,43,1,1415481732,1415481762,
UMTS,302,220,45000,230270186,354,-79.4585075,43.991111,7,2,1,1415481732,1415481954,
UMTS,302,220,45000,230281931,356,-79.4584363333,43.9913283333,33,3,1,1415481732,1415481954,
UMTS,302,220,45000,230276064,354,-79.4587913333,43.9921873333,41,3,1,1415481732,1415481954,
UMTS,302,220,45000,230293297,265,-79.4684625,44.003604,16,2,1,1415481733,1415481954,
UMTS,302,220,45000,230270889,376,-79.4732098571,44.0237838571,122,7,1,1415481733,1415481954,
UMTS,302,220,45000,230276069,377,-79.4691513077,44.0064204615,332,13,1,1415481734,1415481762,
UMTS,302,220,45000,230276067,357,-79.4584425,43.991484,15,2,1,1415481734,1415481954,
UMTS,302,490,16010,857341,282,-79.4834550313,44.06402125,351,32,1,1416077392,1416077453,
UMTS,302,490,16010,857339,266,-79.4843852105,44.0694341053,300,19,1,1416077392,1416077453,
UMTS,302,220,45000,230293335,166,-79.4859437,44.0568099,99,10,1,1416624212,1416624342,
UMTS,302,220,45000,230267531,235,-79.486584,44.057578,0,1,1,1416624217,1416624485,
UMTS,302,220,45000,230288152,483,-79.4981042667,44.0590906,939,15,1,1416782101,1416782339,
UMTS,302,220,45000,230271144,381,-79.453013,44.038392,0,2,1,1416872819,1416872966,
UMTS,302,220,45000,230278435,236,-79.481577,44.0593623333,104,6,1,1416958026,1416958317,
LTE,302,220,55008,138496513,51,-79.489348882,44.0345673876,4214,178,1,1417050534,1417531525,
UMTS,302,220,45000,138496513,154,-79.490846625,44.0336815,30,8,1,1417051048,1417293510,
LTE,302,220,55008,138369795,19,-79.4861918144,44.0371345429,1024,361,1,1417053456,1417405939,
LTE,302,220,55008,138369794,11,-79.4630174179,44.0389956567,1005,67,1,1417151003,1417293510,
LTE,302,220,55008,138482179,61,-79.4444928947,44.0435189474,1572,19,1,1417151003,1417216998,
LTE,302,220,55008,138553603,73,-79.4957580435,44.0378953913,1371,23,1,1417201676,1417387699,
LTE,302,220,55008,138786081,106,-79.44735,44.042471125,176,8,1,1417216950,1417216963,
LTE,302,220,55008,138585859,130,-79.43155525,44.046468625,1117,16,1,1417216950,1417216998,
LTE,302,220,55008,138585858,122,-79.4206003333,44.0485190417,539,24,1,1417216950,1417293510,
LTE,302,220,55008,139200515,46,-79.4136734,44.0411358286,1156,35,1,1417216950,1417293251,
LTE,302,220,55008,138483458,56,-79.4061875455,44.0117184545,505,11,1,1417216950,1417293510,
LTE,302,220,55008,138483459,64,-79.405625625,44.00813,257,8,1,1417216950,1417216963,
LTE,302,220,55008,138483457,48,-79.4090135111,44.0243729778,1663,45,1,1417216950,1417293251,
LTE,302,220,55008,138576897,90,-79.3999281935,44.0002791613,786,31,1,1417216950,1417293251,
LTE,302,220,55008,138369793,3,-79.45191725,44.041194375,186,8,1,1417216951,1417216963,
LTE,302,220,55008,139200514,38,-79.4099818333,44.0282815,219,6,1,1417216951,1417216963,
LTE,302,220,55008,138427394,29,-79.414945,44.0479123333,259,3,1,1417293238,1417293510,
LTE,302,220,55008,138553601,57,-79.4991413333,44.0697103333,28,3,1,1417321082,1417369759,
LTE,302,220,55008,138496769,54,-79.4857795385,44.0771010769,518,39,1,1417321082,1417369505,
LTE,302,220,55519,138757379,145,-79.4905452,44.0722841111,1236,45,1,1417321082,1417369505,
LTE,302,220,55008,138608673,73,-79.4865885,44.080343,15,2,1,1417321082,1417369759,
LTE,302,220,55504,138890754,128,-79.4887058824,44.0834079412,276,17,1,1417321083,1417369759,
UMTS,302,220,45008,231056985,433,-79.507768375,44.092538,183,8,1,1417321083,1417369759,
UMTS,302,220,45008,231056986,433,-79.5184543056,44.10299575,1360,72,1,1417321083,1417369505,
UMTS,302,220,45008,231057769,297,-79.5517068383,44.1124559341,1921,167,1,1417321083,1417369505,
UMTS,302,220,45008,231056984,432,-79.4997178857,44.08841,696,35,1,1417321084,1417369759,
UMTS,302,220,45008,231063900,297,-79.5684820976,44.1029396829,1180,41,1,1417321086,1417369505,
UMTS,302,220,45008,231063901,20,-79.5722303704,44.099562,278,27,1,1417321086,1417369759,
LTE,302,220,55519,139045378,263,-79.5705552308,44.1001207692,271,26,1,1417321089,1417369505,
LTE,302,220,55519,139045377,,-79.5663810577,44.1054931731,503,52,1,1417321089,1417369505,
UMTS,302,220,45008,231067769,297,-79.5475310299,44.1122387479,2128,234,1,1417321089,1417369505,
UMTS,302,220,45008,231066986,434,-79.513601013,44.0988778961,1082,77,1,1417321092,1417369505,
UMTS,302,220,45008,231066984,434,-79.4926564507,44.0849819296,898,71,1,1417321092,1417369505,
UMTS,302,220,45008,231066985,434,-79.5041056957,44.0899996957,280,23,1,1417321092,1417369505,
UMTS,302,220,45008,230293007,283,-79.4996215263,44.0697189474,593,38,1,1417321092,1417369759,
UMTS,302,220,45008,230279990,432,-79.4865076667,44.0796736667,30,3,1,1417321093,1417369759,
UMTS,302,220,45000,230293007,162,-79.491480375,44.071513875,145,8,1,1417321095,1417369759,
UMTS,302,610,45000,230293305,483,-79.5039349259,44.0669832037,1654,54,1,1417321528,1417321618,
UMTS,302,220,45008,231059691,300,-79.5052372273,44.0938575455,2000,22,1,1417321529,1417321617,
UMTS,302,610,45008,231059701,482,-79.5057048889,44.0925861111,1008,9,1,1417321529,1417321617,
UMTS,302,220,45008,231077512,297,-79.5524501176,44.1129676078,2313,51,1,1417321529,1417321618,
UMTS,302,610,45008,231077837,434,-79.5151039565,44.1004257826,1140,23,1,1417321529,1417321617,
UMTS,302,610,45008,231063900,19,-79.5674334545,44.1040888182,390,11,1,1417321529,1417321617,
UMTS,302,610,45000,230293279,53,-79.4863643333,44.0792243333,124,3,1,1417321530,1417321617,
UMTS,302,610,45000,230283313,162,-79.4852123333,44.0730776667,70,3,1,1417321530,1417321617,
UMTS,302,610,45008,231070371,509,-79.489516125,44.071839375,126,8,1,1417321530,1417321617,
UMTS,302,220,45008,231078473,20,-79.570017,44.1003212,209,5,1,1417321530,1417321617,
UMTS,302,610,45008,231067770,298,-79.56402,44.108545,0,1,1,1417321530,1417321617,
UMTS,302,220,45008,231077836,433,-79.50528325,44.09060675,177,4,1,1417321530,1417321617,
UMTS,302,610,45008,231077835,432,-79.4930859231,44.085086,881,13,1,1417321530,1417321617,
UMTS,302,610,45000,230293311,355,-79.4872186667,44.0816136667,50,3,1,1417321531,1417321617,
UMTS,302,610,45008,231078472,19,-79.5667335,44.1049155,355,6,1,1417321531,1417321617,
UMTS,302,610,45008,231067926,300,-79.546935,44.113466,77,4,1,1417321531,1417321617,
UMTS,302,610,45000,230269990,158,-79.485627,44.0756974286,285,7,1,1417321534,1417321617,
UMTS,302,610,45000,230276010,485,-79.505183,44.0455106,733,15,1,1417321534,1417321617,
UMTS,302,220,45008,231079059,74,-79.486909,44.072514,0,1,1,1417321534,1417321617,
UMTS,302,610,45000,230281292,162,-79.48508,44.072932,0,1,1,1417321534,1417321617,
UMTS,302,610,45008,231079059,74,-79.495305,44.0706415,62,2,1,1417321536,1417321617,
LTE,302,220,55008,138496771,70,-79.489046,44.070677,0,1,1,1417369465,1417369759,
UMTS,302,220,45000,231070371,162,-79.488456,44.0721848,108,5,1,1417369472,1417369759,
LTE,302,220,55008,138369796,446,-79.4789243333,44.0398196667,107,6,1,1417378876,1417387699,
